id,leaning,headline,additional_text
S1-L-1,Left,"Trump Administration Revokes Foundational Climate Science Finding","The Trump administration has officially rescinded the 2009 endangerment finding, a critical document that established greenhouse gases as a threat to public health. Environmental advocates view this sweeping rollback as a direct assault on the nation's climate policy. By eliminating the scientific baseline required to regulate emissions under the Clean Air Act, the administration effectively halts federal efforts to curb pollution. Critics warn that ignoring established climate science to favor the fossil fuel industry will exacerbate rising global temperatures, leading to severe public health consequences, more extreme weather events, and lasting environmental damage."
S1-L-2,Left,"EPA Drops Public Health Protections in Major Climate Rollback","In a move widely condemned by environmental and health experts, the EPA has finalized the repeal of the 2009 endangerment finding. This decision strips the government of its primary legal authority to limit greenhouse gas emissions from vehicles and power plants. Researchers emphasize that the science remains clear: rising global temperatures directly increase health risks, including heat-related illnesses and respiratory issues. Despite these warnings, the administration is prioritizing a massive deregulatory agenda, dismantling years of environmental progress and leaving vulnerable communities disproportionately exposed to the impacts of unchecked industrial pollution and climate change."
S1-L-3,Left,"White House Abandons Scientific Consensus on Climate Change","Reversing a cornerstone of U.S. environmental policy, the Trump administration announced its repeal of the determination that greenhouse gases endanger human welfare. This rollback removes the legal framework necessary for federal climate action. Environmental groups emphasize that this decision outright ignores robust scientific evidence regarding the climate crisis. The administration argues the move will save $1.3 trillion, but scientists stress that the long-term costs of inaction—ranging from threatened infrastructure to severe public health crises—will be far higher. This regulatory shift essentially abandons the federal government's responsibility to protect the public from climate impacts."
S1-L-4,Left,"Sweeping EPA Reversal Threatens Future of US Climate Action","The Trump administration has taken its most significant step to dismantle federal climate policy by revoking the foundational 2009 endangerment finding. This crucial document provided the legal justification for regulating greenhouse gases to protect public health. By discarding this scientific consensus, the White House is clearing the path for relaxed vehicle emission standards and increased fossil fuel reliance. Climate advocates and scientists are raising alarms, noting that ignoring the tangible harms of a warming planet will accelerate environmental degradation. The repeal guarantees an increase in harmful emissions, undermining global and domestic efforts to combat the climate crisis."
S1-LL-1,Lean Left,"Trump's Repeal of Climate Finding Stalls Clean Energy Transition","The EPA's decision to revoke the 2009 endangerment finding removes the core scientific justification for regulating greenhouse gases, dealing a significant blow to U.S. climate goals. This rollback not only dismisses the scientific consensus that carbon emissions harm human health but also disrupts the automotive industry's transition toward electric vehicles. Tailpipe standards meant to accelerate clean energy adoption are now in jeopardy. Environmental advocates caution that prioritizing broad deregulation over science-based policy will have serious long-term consequences, increasing public vulnerability to worsening air quality and the growing risks associated with a changing climate."
S1-LL-2,Lean Left,"EPA Abandons Key Greenhouse Gas Ruling Amid Health Concerns","In a major shift in federal environmental policy, the EPA has formally withdrawn the legal determination that greenhouse gases endanger public welfare. While the Trump administration argues this repeal will save industries billions, researchers warn that disregarding established climate science invites serious public health risks. By eliminating the authority to enforce strict vehicle emission standards, the move threatens to increase pollution levels. The decision has drawn criticism from health professionals and environmental groups, who argue that sacrificing necessary climate protections for short-term economic gains is a dangerous step backward for the country's environmental future."
S1-LL-3,Lean Left,"White House Rolls Back Bedrock Climate Rules to Cut Regulations","The Trump administration is dismantling a critical pillar of U.S. environmental policy by overturning the 2009 risk assessment regarding greenhouse gases. Officials claim the repeal will remove unnecessary burdens and benefit the economy. However, scientists and environmental policy experts are concerned about the real-world impact of removing these safeguards. Rescinding this foundational policy brings uncertainty to energy markets and effectively pauses federal efforts to reduce climate pollution. Critics argue that ignoring the health impacts of global warming in the name of deregulation will ultimately result in higher public health costs and environmental damage."
S1-LL-4,Lean Left,"Climate Protections Weakened as EPA Rejects 2009 Findings","The EPA has officially revoked the scientific finding that serves as the legal backbone for U.S. climate regulations. Administration officials have justified the move by questioning the severity of climate change, using this stance to implement unprecedented environmental rollbacks. While the White House emphasizes massive cost savings and reduced red tape for automakers, the decision fundamentally removes vital pollution limits. This departure from science-based policymaking undermines years of environmental initiatives, raising concerns among experts that the health and economic risks associated with a warming planet will go unaddressed at the federal level."
S1-C-1,Center,"EPA Rescinds 2009 Endangerment Finding, Setting Up Legal Challenges","The Environmental Protection Agency is finalizing a rule to rescind the 2009 endangerment finding, a policy that identified greenhouse gases as threats to public health and provided the legal basis for their regulation. The Trump administration states this deregulatory action will save $1.3 trillion in regulatory costs. However, legal analysts note the decision is highly vulnerable to immediate court challenges from environmental organizations. The repeal specifically removes the EPA's authority under the Clean Air Act to set motor vehicle emissions standards, initiating a legal battle that is widely expected to reach the Supreme Court."
S1-C-2,Center,"Trump Administration Reverses Legal Basis for Emissions Regulations","President Trump has formally revoked a foundational 2009 scientific finding regarding greenhouse gas emissions, citing a priority for broad economic deregulation. The policy had served as the central justification for U.S. actions to combat climate change, including vehicle emission limits. While the administration projects cost savings of $2,400 per vehicle due to relaxed standards, environmental groups strongly oppose the move, citing the health risks of increased air pollution. The policy shift brings regulatory changes to the auto industry and is expected to prompt several states to attempt drafting their own independent emission rules."
S1-C-3,Center,"White House Announces Major Deregulatory Move on Climate Policies","In what it describes as a historic deregulatory action, the Trump administration has officially rolled back the primary scientific mechanism used to enforce climate change regulations. By invalidating the 2009 endangerment finding, the federal government removes the designation of greenhouse gases as a danger to human health. This decision effectively eliminates federal pollution mandates for the automotive industry. The move has drawn sharp criticism from environmental organizations and Democratic leaders. Concurrently, government reports note that rising sea levels threaten billions in real estate, highlighting the ongoing national debate over the economic impacts of climate regulation."
S1-C-4,Center,"Elimination of Key Climate Metric Sparks Supreme Court Debate","The EPA’s decision to roll back the 2009 endangerment finding dismantles the existing legal framework for U.S. greenhouse gas regulations. EPA Administrator Lee Zeldin announced the repeal, emphasizing the goal of reducing vehicle manufacturing costs and regulatory burdens. Conversely, scientists and environmentalists argue that abandoning the public health designation of greenhouse gases leaves environmental protections vulnerable. Because the original 2009 finding was the result of a previous Supreme Court decision, legal experts anticipate that the inevitable lawsuits filed by environmental groups against this repeal will ultimately need to be resolved by the high court."
S1-LR-1,Lean Right,"Trump Rolls Back Obama-Era Climate Rule to Lower Consumer Costs","The Trump administration has taken a significant step toward economic deregulation by rescinding the 2009 endangerment finding, an Obama-era policy that mandated strict greenhouse gas emissions. The EPA states that this repeal will remove massive regulatory burdens from the auto industry, leading to substantial consumer savings estimated at $2,400 per vehicle. While the administration focuses on boosting the manufacturing sector and providing more affordable cars for Americans, environmental groups are preparing legal challenges. The rollback targets policies that critics argue were economically restrictive, though it leaves regulations on stationary power plants unchanged for now."
S1-LR-2,Lean Right,"EPA Ends 2009 Endangerment Finding in Push for Economic Growth","In a major victory for deregulation, the Trump administration is officially dismantling the legal basis that justified sweeping climate mandates over the past decade. By revoking the 2009 risk assessment, the government aims to eliminate over $1.3 trillion in regulatory costs that have impacted American industries. The move is designed to encourage domestic energy production and drive down consumer prices. The decision has faced predictable opposition from climate activists who support strict federal oversight. The administration maintains that this rollback is a necessary step to free the economy from restrictive and costly environmental policies."
S1-LR-3,Lean Right,"White House Targets Sweeping Climate Mandates for Elimination","President Trump has officially terminated the Obama-era climate policy known as the endangerment finding, lifting stringent greenhouse gas regulations that have impacted the auto industry. The administration describes the 2009 rule as a regulatory overreach that drove up manufacturing costs across the country. By eliminating these federal guidelines, the White House expects car prices to decrease significantly. While environmental advocates argue the repeal poses a threat to public health and are preparing for legal battles, proponents view the action as a necessary course correction to protect American economic interests from heavy-handed government intervention."
S1-LR-4,Lean Right,"Administration Trims Trillions in Climate Red Tape Ahead of Legal Battles","Fulfilling a promise to reduce bureaucratic overreach, the Trump administration has revoked the scientific finding that served as the bedrock for numerous U.S. climate rules. EPA officials emphasize that the action will halt economically burdensome regulations, particularly those affecting the manufacturing of motor vehicles. Critics have voiced strong disapproval, and lawsuits are expected to cause some initial regulatory uncertainty in the courts. Nevertheless, the administration stands firm that this deregulatory action is vital for removing unnecessary hurdles for the American economy and delivering tangible financial relief directly to consumers."
S1-R-1,Right,"Historic Deregulation: Trump Lifts Costly Climate Burdens on Economy","In a major deregulatory action, the Trump administration has officially rescinded the 2009 Obama-era endangerment finding. This move frees the United States from sweeping policies that used climate models to justify heavy economic regulations. By removing the primary legal basis for strict vehicle emissions standards, President Trump's policy aims to save Americans over $1.3 trillion overall and roughly $2,400 per vehicle. This action prioritizes American energy independence and economic prosperity over the stringent regulatory agenda favored by environmental activists, providing significant relief to the manufacturing sector and everyday consumers."
S1-R-2,Right,"EPA Reverses Obama-Era Climate Ruling in Major Win for Auto Industry","The EPA has successfully dismantled the legal foundation of restrictive climate mandates by revoking the 2009 endangerment finding. For over a decade, this regulation served as a mechanism to impose broad controls on American industries. By recognizing the economic toll of this policy, the Trump administration is ending a massive drain on the economy. While predictable pushback is coming from environmental groups intent on preserving federal regulations, this victory ensures that the American automotive market will operate with fewer bureaucratic mandates, allowing for greater innovation and lower costs for buyers."
S1-R-3,Right,"Administration Slashes Trillions in Regulatory Costs by Revoking 2009 Rule","President Trump has taken an aggressive and necessary move to roll back burdensome U.S. climate policy. By officially discarding the 2009 risk assessment regarding greenhouse gases, the White House is shifting the focus back to economic growth. The repeal directly targets the regulations that have artificially inflated vehicle costs for hardworking families. Promising to eliminate more than a trillion dollars in bureaucratic red tape, this decisive action proves the administration’s commitment to unleashing American industry and ending the era of heavy-handed government micromanagement that has hindered free enterprise."
S1-R-4,Right,"Trump Unshackles Economy from Sweeping Greenhouse Gas Mandates","In a massive win for American consumers and manufacturers, the Trump administration has terminated the 2009 endangerment finding. This crucial deregulation strips the federal government of the authority used to mandate extreme emissions standards on motor vehicles. By ending these stringent rules, the President is delivering on his promise to lower car prices and revitalize the auto industry. Though environmental activists will attempt to block this progress in the courts, this historic rollback represents a significant victory for the free market, ensuring America's economic engine can operate without the drag of excessive climate regulations."
S2-L-1,Left,"Trump EPA Rejects Climate Science, Jeopardizing Public Health","The Trump administration has finalized its repeal of the 2009 endangerment finding, removing the legal foundation for U.S. greenhouse gas regulations. Despite scientific consensus linking human-caused climate change to thousands of deaths and rising heat-related illnesses, the EPA is moving forward with rollbacks intended to deregulate vehicle emissions. Public health experts and environmental advocates warn that ignoring this data to prioritize the auto and fossil fuel industries will worsen air quality and disproportionately harm vulnerable communities."
S2-L-2,Left,"Defying Researchers, Administration Dismantles Foundational Climate Protections","In a significant blow to environmental policy, the EPA has revoked the scientific finding that climate change endangers human welfare. While President Trump has publicly dismissed climate concerns as a ""scam,"" major scientific studies continue to document the increasing health risks of global warming. This deregulatory push not only stalls the transition to cleaner energy but directly exposes the public to higher levels of pollution, sparking widespread condemnation from environmental and health organizations."
S2-L-3,Left,"Trump’s Climate Rollback Prioritizes Industry Over Environmental Health","The administration is dismantling a bedrock climate rule, effectively deciding that greenhouse gases no longer pose a threat to the public. This repeal contradicts extensive scientific research detailing the human cost of rising global temperatures. By eliminating these pollution limits, the administration aims to lower regulatory costs for automakers, but critics argue the true cost will be paid in worsened public health outcomes and long-term environmental degradation."
S2-L-4,Left,"Ignoring Health Data, EPA Scraps Legal Basis for Climate Action","The Environmental Protection Agency has officially walked back its determination that greenhouse gases endanger public health. This decision, which paves the way for weaker vehicle emissions standards, flies in the face of thousands of peer-reviewed studies outlining the fatal consequences of extreme heat and air pollution. The move reflects the administration’s broader strategy of sidelining climate science to favor immediate economic deregulation, setting the stage for extensive legal battles."
S2-LL-1,Lean Left,"Trump Administration Repeals Key Scientific Finding Behind Climate Rules","The Trump administration has revoked the 2009 endangerment finding, effectively removing the legal mandate to regulate greenhouse gas emissions. This decision brings significant uncertainty to the auto industry and threatens to slow the U.S. transition toward electric vehicles. While the administration argues the move will save consumers money, researchers emphasize the documented health risks of increased car pollution, noting that the rollback contradicts established scientific consensus."
S2-LL-2,Lean Left,"EPA Rollback of Climate Finding Prompts Concerns Over Public Health","In a sweeping deregulatory move, the EPA has rescinded the foundational scientific finding that greenhouse gases threaten human health. President Trump, who has frequently expressed skepticism about climate change, championed the repeal as a way to cut regulatory costs. However, environmental experts warn that abandoning these tailpipe standards will lead to dirtier air and increased health risks, marking a stark departure from previous federal efforts to combat global warming."
S2-LL-3,Lean Left,"Trump Dismantles Obama-Era Climate Foundation, Sparking Legal Backlash","By officially withdrawing the scientific determination that climate pollution is harmful, the Trump administration has taken its most significant step yet to unravel federal climate regulations. The repeal targets vehicle emission standards, aiming to reduce costs for automakers and consumers. Environmental groups and state attorneys general are already preparing lawsuits, arguing that the administration is unlawfully ignoring substantial scientific evidence regarding the dangers of rising temperatures."
S2-LL-4,Lean Left,"Climate Rollback Casts Doubt on U.S. Clean Energy Future","The EPA's decision to revoke the 2009 endangerment finding removes the core legal justification for limiting greenhouse gases in the United States. This regulatory shift slashes tailpipe standards that were originally designed to encourage electric vehicle adoption. As the administration touts the economic benefits of deregulation, critics point to the long-term environmental costs, warning that dismissing the scientific realities of climate change will stifle clean energy innovation and harm public health."
S2-C-1,Center,"Trump Administration Revokes 2009 EPA Endangerment Finding","On Thursday, the EPA finalized a rule rescinding the 2009 scientific finding that greenhouse gases endanger public health, removing the legal basis for U.S. climate regulations. President Trump stated the repeal would save $1.3 trillion in regulatory costs and lower car prices. Critics and scientific researchers point to studies linking global warming to increased mortality rates, warning the move could erase pollution limits. The rollback is expected to face immediate legal challenges in federal court."
S2-C-2,Center,"EPA Dismantles Legal Framework for U.S. Greenhouse Gas Rules","The Trump administration has formally revoked the ""endangerment finding,"" a foundational policy that enabled sweeping federal regulations on climate change. The EPA argues that ending these vehicle emission standards will provide substantial economic relief to taxpayers and automakers. Conversely, environmental groups and former President Barack Obama strongly criticized the decision, highlighting the health risks associated with carbon dioxide emissions. The policy shift sets up a major legal dispute over environmental regulation."
S2-C-3,Center,"U.S. Overturns Key Climate Protection Target Citing Cost Savings","In a major shift in U.S. environmental policy, President Trump has declared the 2009 risk assessment regarding greenhouse gases invalid. This action eliminates federal pollution limits for the auto industry, a move the administration claims will significantly reduce regulatory costs. Opponents note that the decision contradicts a vast body of peer-reviewed research on the health dangers of climate change. The repeal dismantles a central pillar of previous climate strategies and has sparked intense political debate."
S2-C-4,Center,"Trump Reverses Scientific Basis for Federal Climate Action","The EPA has officially abandoned the scientific argument used to justify federal action against climate change. By revoking the 2009 finding that greenhouse gases harm human health, the administration aims to lower regulatory burdens on industries and consumers. Scientists and environmentalists maintain that emissions pose serious public health risks, pointing to data on air pollution and extreme weather. Both sides anticipate protracted legal battles over the administration's deregulatory agenda."
S2-LR-1,Lean Right,"Trump Rolls Back Costly Obama-Era Climate Regulations","The Trump administration has taken a major step in its deregulatory agenda by rescinding the 2009 endangerment finding. This move dismantles the legal foundation that the Obama administration used to justify sweeping, costly greenhouse gas rules. By removing these strict vehicle emissions standards, the EPA aims to lower car prices and save taxpayers over $1 trillion. While environmental groups have promised lawsuits, the administration argues this rollback is necessary to protect consumers and the economy from federal overreach."
S2-LR-2,Lean Right,"EPA Rescinds Climate Finding, Setting Stage for Major Legal Battle","In a significant push to ease regulatory burdens, the EPA has formally revoked the scientific finding that served as the basis for extensive U.S. climate rules. The administration contends that the original mandate lacked a factual basis and imposed unnecessary costs on American businesses. The decision, which is welcomed by industry advocates seeking relief from stringent pollution limits, has drawn sharp criticism from Democrats and environmentalists, ensuring that the limits of federal environmental authority will be tested in court."
S2-LR-3,Lean Right,"Trump Targets Federal Climate Mandates in Broad Deregulatory Push","Continuing his efforts to streamline federal policy, President Trump has eliminated the fundamental norm that drove expansive U.S. environmental regulations. By nullifying the 2009 finding on greenhouse gases, the administration seeks to bring relief to the auto sector and reduce costs for everyday Americans. Critics argue the move ignores health research, but proponents maintain that rolling back these aggressive mandates is crucial for maintaining a competitive economy and consumer choice in the vehicle market."
S2-LR-4,Lean Right,"Administration Scraps Bedrock Climate Rule to Lower Consumer Costs","The Trump administration has officially terminated the Obama-era policy that classified greenhouse gases as a public health threat. This deregulatory action aims to dismantle the legal framework supporting strict emissions standards, which the administration claims cost the economy trillions of dollars. While former President Obama and environmental activists strongly oppose the reversal, the administration insists that reducing these heavy-handed federal regulations will lead to cheaper cars and greater economic freedom."
S2-R-1,Right,"Trump Delivers Massive Deregulatory Win by Scrapping Burdensome Climate Rule","In a historic victory for deregulation, the Trump administration has officially revoked the 2009 finding that allowed the federal government to impose sweeping climate regulations. President Trump highlighted that ending these overreaching vehicle emission standards will save U.S. taxpayers $1.3 trillion and dramatically lower car prices. This aggressive move to cut red tape has been strongly praised by industry leaders, who note it will protect American jobs, lower consumer costs, and end the unnecessary economic constraints imposed by previous administrations."
S2-R-2,Right,"EPA Rolls Back Flawed Climate Finding to Boost U.S. Economy","The Trump administration has decisively ended the scientific basis used to justify restrictive federal action on climate change. By rescinding the Obama-era endangerment finding, the EPA is removing massive regulatory barriers that have hindered American manufacturing and energy sectors. The coal industry and conservative advocates welcomed the move as a crucial step to maintain reliable electricity and prevent unwarranted plant closures. The president continues to prioritize economic growth and consumer savings over the demands of climate activists."
S2-R-3,Right,"Trump Slashes Trillions in Regulatory Costs by Ending Climate Mandate","Delivering on his promise to rein in federal overreach, President Trump has terminated the landmark policy that fueled aggressive greenhouse gas regulations. The administration correctly noted that the original determination placed a massive financial burden on Americans without sufficient justification. By dismantling these costly environmental rules, the administration is empowering consumers with cheaper vehicle options and protecting core industries from the restrictive policies that defined the previous administration's climate agenda."
S2-R-4,Right,"Historic Action: Trump Repeals Sweeping Climate Regulations to Protect Consumers","The EPA has officially revoked the foundational finding that authorized massive government intervention in the name of climate change. This bold deregulatory action strips away the legal basis for stringent emissions standards, effectively stopping the economic drain caused by federal climate rules. While environmentalists predictably criticized the move, the administration stands firm in its commitment to unleashing American economic potential, prioritizing lower fuel and maintenance costs for taxpayers over the restrictive goals of the global climate lobby."
S3-L-1,Left,"EPA Removes Mentions of Human-Caused Climate Change from Website","The Environmental Protection Agency has deleted references to fossil fuels and human activity as the primary drivers of climate change from its educational pages. Now emphasizing ""natural phenomena,"" the agency’s actions have drawn sharp criticism from climate scientists and environmental advocates. Experts from organizations like the Union of Concerned Scientists warn that obscuring the well-documented link between greenhouse gas emissions and global warming undermines scientific integrity. Critics argue that removing these facts misleads the public and hampers the urgent action needed to address the escalating climate crisis."
S3-L-2,Left,"Scientists Warn EPA's Website Changes Distort Climate Reality","By stripping its website of information linking fossil fuels to global warming, the EPA is failing its mandate to protect public health and the environment, according to leading scientists. The revised pages now focus on natural climate variations, ignoring the overwhelming scientific consensus that human activity is the dominant cause of current warming trends. Researchers and former agency officials caution that this deliberate suppression of facts is dangerous. They emphasize that the public deserves transparent access to peer-reviewed science to understand the severe impacts of continued fossil fuel reliance."
S3-L-3,Left,"EPA Deletes Fossil Fuel References, Drawing Backlash from Science Community","The Trump administration has altered the EPA's climate change webpages, removing key information about how human activities, particularly the burning of fossil fuels, drive global warming. Marcia McNutt of the National Academy of Sciences and other experts stress that nearly all current climate change is human-caused. Removing this crucial context in favor of highlighting ""natural processes"" is viewed by researchers as a politically motivated distortion. Advocates warn that downplaying the role of industrial pollution stalls necessary environmental policies and leaves communities vulnerable to severe climate impacts."
S3-L-4,Left,"In Shift on Science, EPA Website Downplays Human Role in Warming","Essential facts about human-caused global warming have been removed from the Environmental Protection Agency’s website. The pages that once explained the undeniable link between carbon dioxide emissions and climate change now heavily emphasize natural climate fluctuations. Climate scientists strongly condemn the revisions, noting that ignoring the primary source of the problem—fossil fuel pollution—is akin to ignoring the cause of a disease. Environmental groups argue that this erasure of settled science prevents informed public discourse and delays critical efforts to transition toward sustainable energy solutions."
S3-LL-1,Lean Left,"EPA Alters Climate Webpages to Remove Fossil Fuel Links","The Environmental Protection Agency has updated its website, removing specific references that connect climate change to human activity and fossil fuels. The pages previously outlined how carbon dioxide emissions contribute to global warming, but now emphasize natural climate variations. Scientists and former government officials have expressed concern over the changes, arguing that the omissions present an incomplete picture of climate science. Experts maintain that human activity is the undisputed primary driver of current warming, and fear the updated messaging could confuse the public about the root causes of climate change."
S3-LL-2,Lean Left,"References to Human-Caused Warming Dropped from EPA Site","Visitors to the EPA's website will notice a shift in how the agency explains climate change. Recent updates have removed mentions of fossil fuels, replacing them with a focus on natural processes that affect the earth's temperature. Climate researchers are criticizing the move, stating that while natural variations exist, they do not account for the rapid warming seen today. Critics worry that downplaying the human element detracts from the scientific consensus and could weaken public support for necessary environmental regulations and emission reduction strategies."
S3-LL-3,Lean Left,"EPA Website Shifts Focus from Fossil Fuels to Natural Climate Cycles","The EPA has quietly removed basic facts regarding human-driven climate change from several of its online resources. The agency's ""Causes of Climate Change"" page no longer highlights greenhouse gas emissions from fossil fuels, pointing instead to natural forces. A spokesperson noted the agency is moving away from previous messaging strategies. However, the scientific community warns that altering these facts is misleading. Researchers emphasize that accurate, science-based information is essential for communities to understand environmental risks and for policymakers to draft effective responses."
S3-LL-4,Lean Left,"Scientists Criticize EPA's Removal of Climate Facts from Website","Revisions to the Environmental Protection Agency’s website have sparked pushback from scientists after references to human-fueled climate change were deleted. The agency eliminated the mention of fossil fuels as a warming driver, choosing to highlight natural phenomena. Former EPA administrators and climate experts call the move misleading, noting that it obscures the widely accepted scientific reality of human impact on the environment. They argue that minimizing the role of human activity on official government platforms does a disservice to public education and environmental awareness."
S3-C-1,Center,"EPA Removes Fossil Fuel Mentions from Climate Change Webpages","The Environmental Protection Agency has updated its online materials regarding the causes of climate change, removing previous mentions of fossil fuels and human activity. The revised webpages now focus on the natural phenomena that can affect the climate. Following the update, various scientists and former EPA officials voiced concerns, stating that the removals are misleading because scientific consensus identifies human activity as the primary driver of global warming. The agency's changes have sparked a debate regarding government transparency and the communication of scientific data."
S3-C-2,Center,"EPA Updates Website, Cuts References to Human Influence on Warming","Last week, the Environmental Protection Agency updated sections of its website, eliminating facts that linked climate change to human activities such as burning fossil fuels. The pages now emphasize the natural processes and variations that drive climate shifts over time. Environmental experts and researchers have criticized the move, noting that a significant portion of current global warming is attributed to human actions. The alterations highlight an ongoing divide over climate science communication and the current administration's broader approach to energy and environmental regulation."
S3-C-3,Center,"Mentions of Human-Caused Climate Change Removed from EPA Site","The US Environmental Protection Agency has deleted references to human-caused climate change from several official webpages. The updated text removes the connection between greenhouse gas emissions and global warming, pivoting the focus toward natural climate cycles. Critics, including a former Republican EPA chief, have argued that ignoring fossil fuel pollution is misleading. Meanwhile, the administration maintains the updates reflect a shift in policy priorities. The move has drawn attention from media outlets analyzing the intersection of environmental science and federal communication strategies."
S3-C-4,Center,"Scientists Respond to EPA Altering Climate Change Causes on Website","A recent update to the Environmental Protection Agency’s website resulted in the removal of information detailing the human impact on global warming. The agency eliminated mentions of fossil fuels, instead highlighting natural forces in its explanation of climate change. Scientists from organizations like the National Academy of Sciences state the change is concerning, emphasizing that human activity is the widely accepted cause of current warming trends. The website modifications reflect the administration's stance on energy policy and have triggered discussions regarding the public representation of climate data."
S3-LR-1,Lean Right,"EPA Updates Climate Page, De-Emphasizing Fossil Fuels","The Environmental Protection Agency has updated its website to de-emphasize the role of fossil fuels in climate change, focusing instead on natural phenomena. The move aligns with the administration’s broader agenda to review and roll back environmental regulations that are seen as economically burdensome. While some climate scientists and former officials have called the update misleading, the administration points to a need for a more measured view of climate cycles. Supporters argue the update represents a necessary shift away from the previous administration's aggressive climate messaging."
S3-LR-2,Lean Right,"EPA Adjusts Climate Causes Website, Shifts Focus to Natural Processes","In a recent update to its website, the EPA removed references to human-caused climate change, shifting the focus to how natural processes drive climate variations. The adjustment reflects the administration’s skeptical view of sweeping climate mandates and its push toward deregulation. Critics in the scientific community argue the changes obscure the impact of fossil fuels, but administration officials suggest the agency is stepping back from overly alarmist rhetoric. The move is part of a larger federal strategy to re-evaluate environmental policies that place heavy burdens on American industries."
S3-LR-3,Lean Right,"Administration Revises EPA Site, Cutting Obama-Era Climate Language","The Environmental Protection Agency has revised its climate change webpages, eliminating language that primarily blamed fossil fuels for global warming. The updated pages now highlight natural climate shifts. This action is consistent with ongoing efforts to dismantle Obama-era climate policies, which have been frequently criticized as economically disadvantageous. Although some experts claim the removal of human-impact data is problematic, proponents of the change argue it correctly scales back politically driven messaging, paving the way for policies that balance environmental concerns with economic growth."
S3-LR-4,Lean Right,"EPA Updates Webpages Amid Broader Push for Deregulation","As part of a broader deregulatory effort, the EPA has updated its website to remove mentions of human activity as the primary driver of climate change. The pages now emphasize natural environmental variations. The administration has openly criticized previous climate regulations as rules that unnecessarily cost the economy. While some Democratic officials and scientists condemn the website changes, the administration maintains that reshaping the EPA's public messaging is a crucial step in prioritizing American energy independence and reducing federal regulatory overreach."
S3-R-1,Right,"EPA Website Shifts Away from Obama-Era Climate Messaging","The Trump administration has updated the EPA’s website to remove Obama-era climate change messaging, shifting the focus away from fossil fuels and toward natural climate phenomena. This website update aligns with broader efforts to dismantle policies that led to sweeping regulations and higher costs for American businesses. The administration has frequently criticized strict climate mandates as detrimental to the economy. By moving away from guidelines that hinder industrial growth, the administration aims to eliminate substantial regulatory costs, protect domestic industries, and prioritize American energy independence."
S3-R-2,Right,"EPA Updates Site to Focus on Natural Climate Processes Over Emissions","The Environmental Protection Agency has revised its website to remove language blaming fossil fuels for climate change, confirming a shift in agency priorities. The update correctly pivots the focus to natural environmental processes rather than solely human emissions. This move supports the president’s agenda to roll back greenhouse gas regulations implemented by the previous administration, which were widely viewed as job-killing measures. Despite criticism from left-leaning scientists, the administration remains committed to its deregulatory agenda, prioritizing economic expansion and regulatory relief over restrictive environmental mandates."
S3-R-3,Right,"Administration Rolls Back Costly Climate Policies and Updates EPA Site","The administration is continuing its push against environmental overreach by updating the EPA's website to remove human-caused climate change rhetoric. The agency's pages now reflect that the climate varies naturally, stepping away from the aggressive anti-fossil fuel agenda of recent years. This communication shift accompanies the administration's broader termination of sweeping greenhouse gas mandates. By dismantling these restrictive policies, the government aims to lift a significant burden off the US economy, ensuring that American businesses can operate without the constraints of stringent, costly climate standards."
S3-R-4,Right,"EPA Adjusts Website as Administration Dismantles Climate Rules","The Environmental Protection Agency has officially removed language targeting fossil fuels from its climate change pages, signaling a departure from the aggressive climate agenda of previous years. The adjustment highlights natural phenomena rather than placing the blame entirely on human industry. This update runs parallel to the administration's revocation of the ""Endangerment Finding,"" a rule that served as the legal basis for broad environmental regulations. By scaling back these guidelines, the administration is focusing on protecting consumers, lowering costs, and delivering significant deregulatory action for the American economy."
S4-L-1,Left,"Major Milestone: Offshore Wind Farm Overcomes Trump-Era Blocks to Deliver Clean Power","Rhode Island’s Revolution Wind project has achieved a major milestone, officially delivering power to the New England grid. This progress is a significant victory for regional climate goals, particularly after the 704-megawatt project faced multiple construction halts from the Trump administration. With federal judges ruling those politically motivated stops unjustified, the project is now 93% complete. Supplying clean electricity to over 350,000 homes, Revolution Wind will drastically reduce the region's reliance on fossil fuels. Officials note this success proves that clean energy initiatives can overcome political obstruction to deliver a sustainable, lower-cost future for ratepayers."
S4-L-2,Left,"A Win for Climate: Revolution Wind Beats Back Federal Delays to Energize New England","The transition away from fossil fuels took a vital step forward this week as Revolution Wind began supplying power to New England. The 704-megawatt project stands as a clear vindication for the offshore wind industry, which was repeatedly targeted by the Trump administration with unjustified stop-work orders. Now that federal judges have struck down those delays, the wind farm is finally delivering on its promise. Providing electricity to hundreds of thousands of homes, this project is a pivotal win for climate action, proving that the necessary transition to green energy can outlast partisan efforts to stifle it."
S4-L-3,Left,"Despite Trump Administration Halts, New England's Clean Energy Transition Moves Forward","Rhode Island’s clean energy strategy celebrated a major victory today as Revolution Wind generated its first power. The wind farm was heavily targeted by the Trump administration, which attempted to halt construction using highly scrutinized national security claims. Despite these aggressive delay tactics, the project is now successfully feeding the grid. Once fully operational, it will power 350,000 homes and significantly reduce the region's carbon footprint. This milestone is a testament to the resilience of the green energy sector, demonstrating the urgent, necessary momentum of transitioning toward diversified, renewable power sources in the United States."
S4-L-4,Left,"Embattled Wind Project Finally Sends Power to Grid, Ending Years of Political Obstruction","Revolution Wind has officially brought its first turbines online, marking a historic victory for environmental advocates. The project survived a tumultuous history of shutdowns spearheaded by the Trump administration—halts that federal courts ultimately recognized as completely unjustified. Today, the wind farm is actively pushing New England toward its climate targets by replacing dirty fossil fuels with clean, reliable wind energy. With the capacity to power 350,000 households and lower wholesale energy costs by an estimated $500 million annually, this triumph highlights the tangible benefits of fighting for a sustainable, modern energy grid."
S4-LL-1,Lean Left,"Revolution Wind Overcomes Trump-Era Hurdles to Deliver First Power","Despite years of political pushback, the Revolution Wind offshore project has officially started sending power to the New England electric grid. The 704-megawatt development, which was targeted by the Trump administration with multiple stop-work orders, represents a major step forward for regional climate goals. Federal courts ultimately found the administration's halts to be unjustified, allowing construction to proceed. Now 93% complete, the project will eventually supply clean electricity to over 350,000 homes in Rhode Island and Connecticut. Officials praise the milestone as a hard-fought victory for energy diversification and reducing the region's reliance on fossil fuels."
S4-LL-2,Lean Left,"After Years of Delay, Key Offshore Wind Project Begins Supplying New England","Revolution Wind, an offshore wind project previously hampered by the federal government, has achieved a major milestone by delivering its first power. The Trump administration repeatedly tried to stall the project, citing national security concerns that federal judges later dismissed as unfounded. With these hurdles finally cleared, the embattled wind farm is fulfilling its promise to lower wholesale energy costs. This development is seen as a crucial step forward for the area's clean energy strategy, providing affordable, renewable power to hundreds of thousands of homes while protecting ratepayers from the volatile costs of traditional energy sources."
S4-LL-3,Lean Left,"Targeted Wind Farm Finally Comes Online to Supply 350,000 Homes","A key piece of New England's clean energy infrastructure is now officially online. Revolution Wind has begun generating electricity, overcoming a deeply tumultuous procedural history. The project was notably stalled by two separate construction halts issued by the Trump administration before federal courts intervened, ruling the stops lacked justification. Today, the project stands as a testament to the perseverance of building trades workers. Once fully operational in 2026, the offshore wind farm will significantly diversify the region's energy mix, bringing reliable, lower-cost electricity to Connecticut and Rhode Island residents while advancing crucial environmental targets."
S4-LL-4,Lean Left,"Embattled Wind Project Reaches Milestone, Promising Cheaper Energy","The Revolution Wind project, once a prime target of the Trump administration, is officially sending electricity to the New England grid. Following successful legal battles that overturned earlier stop-work orders, the massive 704-megawatt wind farm is moving steadily toward completion. This milestone is being celebrated by local officials as a major win for ratepayers, who could see energy savings of roughly $500 million a year. Beyond the economic benefits, the project remains essential for meeting long-term climate goals, providing clean energy to 350,000 homes, and stepping away from environmentally harmful energy infrastructure."
S4-C-1,Center,"Revolution Wind Begins Supplying Power to New England Electric Grid","On March 13, Orsted and Skyborn Renewables announced that the Revolution Wind project has started delivering electricity to the New England grid. The 704-megawatt offshore wind farm is currently 93% complete, with 60 turbines installed. The project faced a tumultuous construction process, including stop-work orders from the Trump administration regarding national security concerns, which federal courts overturned in January. Once fully operational before the end of 2026, the wind farm will supply power to 350,000 homes in Rhode Island and Connecticut. Officials estimate the project could save regional ratepayers approximately $500 million annually by lowering wholesale energy costs."
S4-C-2,Center,"Orsted's Revolution Wind Farm Overcomes Halts to Generate Electricity","The Revolution Wind offshore wind farm, developed by Orsted and Global Infrastructure Partners’ Skyborn Renewables, has begun generating power for Rhode Island and Connecticut. The project aims to improve regional energy reliability and diversify sources. Development was previously paused by the Bureau of Ocean Energy Management under the Trump administration, though federal judges later ruled the halts unjustified, allowing the 3,500-worker project to resume. Revolution Wind is the second offshore wind farm to supply power to Rhode Island. Alongside Vineyard Wind, it is projected to reduce New England's power outage risk by 55% while delivering electricity at 9 cents per kWh."
S4-C-3,Center,"Offshore Wind Project Finishes Tumultuous Construction Phase, Starts Power Delivery","After a period of starts and stops, Revolution Wind is now delivering its first power to the grid. The massive 704-megawatt project, located off the coast, will eventually power 350,000 homes. Construction was temporarily halted by the Trump administration due to stated national security concerns, but resumed after a federal court found insufficient evidence for the delays. Connecticut and Rhode Island officials highlighted the labor milestones, noting the thousands of workers employed during the build. The project is expected to scale up operations in the coming weeks, serving as a component of New England's broader energy strategy."
S4-C-4,Center,"Large-Scale Wind Farm Reaches Commissioning Milestone Following Procedural Delays","Revolution Wind, an offshore energy project previously halted by the federal government, has begun sending power to the electric grid. The Orsted-led development was subject to construction pauses during Donald Trump's presidency, which were later lifted by federal courts. With turbines now actively producing power at sea, the project is moving through its final commissioning phase. Upon expected completion in 2026, it will provide a stable energy supply to roughly 350,000 households. Proponents, including Rep. Joe Courtney, have praised the progress, emphasizing the potential for annual ratepayer savings and the dedication of the regional building trades workers."
S4-LR-1,Lean Right,"Offshore Wind Project Opposed by Trump Admin Now Generating Power","The Revolution Wind offshore project has officially begun sending power to New England's electric grid, marking a notable shift for the region's energy infrastructure. Interestingly, the project reached this stage despite direct opposition from the Trump administration, which had previously halted construction citing national security concerns. Federal courts eventually allowed the build to resume due to insufficient evidence. Now producing electricity, the wind farm aims to provide power for over 350,000 homes and businesses in Connecticut and Rhode Island. Local officials hope the new energy source will help lower wholesale energy costs to meet increasing consumer demands."
S4-LR-2,Lean Right,"Revolution Wind Starts Sending Power to New England Grid Despite Previous Federal Halts","An offshore wind farm that the Trump administration actively attempted to halt has officially started generating electricity. Revolution Wind is now delivering power to the New England grid, overcoming a series of federal stop-work orders that were later overturned in court. The project’s completion is frequently highlighted because it survived this high-level political resistance from the former president. Developers state the wind farm will scale up operations over the next few years to supply power to 350,000 households. The new infrastructure is pitched as a way to provide affordable, reliable power and potentially lower energy rates."
S4-LR-3,Lean Right,"Wind Farm Temporarily Halted Under Trump Begins Delivering Electricity","Power is now flowing from the Revolution Wind project to the New England electric grid. The development's progress is notable given its tumultuous procedural history; the Trump administration twice issued orders to pause construction over national security worries. After federal judges deemed the administration's stops unjustified, work resumed. The facility is currently generating its first electricity at sea and is projected to be fully operational by 2026. Supporters of the project maintain that adding this offshore wind capacity will help diversify the region's energy supply and could offer ratepayers a reprieve from high wholesale energy costs."
S4-LR-4,Lean Right,"Despite Past Legal Blocks, New England Wind Project Comes Online","Revolution Wind has begun supplying its first electricity to the grid, achieving operational status after facing significant hurdles from the federal government. During Donald Trump's time in office, his administration targeted the project, halting its progress over security concerns. Following legal battles that allowed construction to continue, the wind farm is now functioning and sending power to Connecticut and Rhode Island. Political figures have recognized the workforce that completed the project amidst the legal back-and-forth. The wind farm is expected to eventually service 350,000 homes, with developers promising more reliable power for the region."
S4-R-1,Right,"Wind Farm Blocked by Trump Over Security Concerns Comes Into Operation","An offshore wind project that the Trump administration tried to block has officially begun sending power to the New England grid. The administration had previously halted the Revolution Wind development, raising serious national security concerns regarding the offshore infrastructure. However, federal courts ultimately permitted the project to proceed, ruling the administration's evidence insufficient to maintain the stop-work orders. Despite the prolonged legal and political battle over its viability and safety, the wind farm is now generating electricity. The project is slated to provide power to local homes as it continues to scale up its operations over the next year."
S4-R-2,Right,"Offshore Wind Overcomes Trump-Era Barriers to Send Power to Grid","Revolution Wind, a controversial energy project targeted by the Trump administration, has officially come online. The administration had repeatedly pushed to delay the wind farm, citing national security issues and issuing federal stop-work orders to halt construction. The project only moved forward after federal judges intervened to lift the executive restrictions. With the legal hurdles cleared, the offshore wind farm has now successfully produced its first electricity for the New England area. While proponents promise the project will meet consumer demand, its primary defining legacy remains its survival through intense executive branch opposition and legal scrutiny."
S4-R-3,Right,"Trump-Opposed Wind Project Now Generating Electricity in New England","Despite targeted efforts by the Trump administration to shut it down, an offshore wind farm in New England has started generating power. The administration had raised alarms over the project, utilizing federal authority to pause construction twice due to national security concerns regarding the coastal infrastructure. These halts were eventually overturned by the courts, clearing the path for developers to finish the build. The facility is now successfully delivering electricity to the grid. Political figures are treating the launch as a milestone, primarily emphasizing the project's completion in the face of the former president's sustained procedural roadblocks."
S4-R-4,Right,"Wind Project Halted Over National Security Concerns Begins Delivering Power","An offshore energy project that was famously stalled by the Trump administration is now actively supplying electricity to New England. The federal government previously stepped in to halt the Revolution Wind development over stated national security risks. Following a legal dispute where judges decided the administration's halts lacked sufficient justification to continue, the construction resumed. The project has now reached a point where its turbines are producing power. While developers highlight the project's ability to provide electricity to the region, the wind farm remains best known for being a major focal point of Trump-era energy and security disputes."
S5-L-1,Left,"El Niño’s Return Threatens to Accelerate Global Heating Trajectory","The US National Oceanic and Atmospheric Administration predicts a 50 to 60 percent chance of El Niño returning between July and September. While El Niño is a recurring weather pattern, its return threatens to significantly accelerate our current global heating trajectory. By weakening trade winds and warming Pacific waters, this phenomenon risks pushing global temperatures to dangerous new highs. Scientists stress that this upcoming cycle will compound existing human-driven climate urgency. With regions in Southeast Asia facing potential drought and the Horn of Africa bracing for excess rain, the newly adopted RONI tracker highlights a climate system under increasing strain."
S5-L-2,Left,"Looming El Niño Could Push 2026 Temperatures to Dangerous New Heights","Global climate systems are facing another major stress test as NOAA forecasts a highly probable return of El Niño by late summer. El Niño alters global weather patterns by weakening Pacific trade winds, a shift that threatens to make the planet even hotter. The impacts are deeply unequal, projecting severe drier weather across Australia and northern Brazil while bringing heavy rains to Peru and Ecuador. Utilizing the new Relative Oceanic Nino Index to track these changes against a rapidly warming baseline, experts warn that natural variability is colliding dangerously with the escalating, human-driven climate crisis."
S5-L-3,Left,"NOAA Warns 50-60% Chance of El Niño, Exacerbating the Climate Crisis","The urgent reality of global heating is set to worsen, with NOAA forecasting a 50 to 60 percent likelihood of El Niño developing this year. This phenomenon is primed to elevate global temperatures, exacerbating an already critical environmental situation. By disrupting global trade winds, El Niño sends ripple effects through the world's weather systems, risking agricultural stability and community safety worldwide. We can no longer treat these events as mere natural anomalies; they are profound amplifiers of our human-driven climate urgency. The newly implemented RONI tracker provides essential data to monitor this troubling upward temperature trend."
S5-L-4,Left,"How the Impending 2026 El Niño Highlights Our Deepening Climate Urgency","Replacing outdated metrics with the new Relative Oceanic Nino Index, NOAA provides a concerning outlook: a developing El Niño is poised to push our planet toward further climate extremes. With a 50 to 60 percent chance of formation between July and September, this event will warm Pacific waters and contribute heavily to global heating. The planetary danger lies in how these natural cycles interact with our carbon-heavy atmosphere. By altering crucial trade winds, El Niño guarantees severe weather shifts globally. This forecast is a stark reminder of the urgent need to address the root causes of our warming planet."
S5-LL-1,Lean Left,"NOAA Forecast: El Niño May Return by Late Summer, Making Planet Even Hotter","Global temperatures are already elevated, but the potential return of El Niño this year could push them to new, concerning records. According to the US National Oceanic and Atmospheric Administration, there is a 50 to 60 percent chance the phenomenon will develop between July and September. El Niño weakens tropical Pacific trade winds, warming ocean waters and shifting weather patterns. This means worsening global heating is likely, with regions like southern Africa facing drier conditions while the southern US sees increased precipitation. The newly adopted RONI index helps scientists track this urgent threat to our increasingly warming environment."
S5-LL-2,Lean Left,"Will El Niño’s Return Push 2026 to Record-Breaking Heat?","The Earth is facing another climate hurdle as NOAA warns of a 50 to 60 percent probability that El Niño will form later this year. This weather phenomenon is notorious for warming ocean waters and altering global weather patterns, posing a significant risk of making the planet even hotter. By weakening trade winds across the Pacific, El Niño could bring noticeably drier weather to Southeast Asia and unexpected wetter weather to the Horn of Africa. Tracking this climate urgency is vital, which is why NOAA has implemented the new RONI index to better monitor these concerning oceanic changes."
S5-LL-3,Lean Left,"Approaching El Niño Could Form Between July and September, Threatening Vulnerable Regions","Climate researchers are tracking the potential return of El Niño, which NOAA estimates has a 50 to 60 percent chance of developing by late summer. As trade winds weaken and ocean waters warm, this phenomenon threatens to exacerbate global heating, pushing temperatures toward uncharted heights. The environmental impacts will be felt globally, causing drier weather in Australia and wetter conditions in Ecuador. As our planet continues to warm, the newly adopted Relative Oceanic Nino Index provides essential data to track this impending shift and prepare for the broader planetary danger associated with consecutive years of record-breaking heat."
S5-LL-4,Lean Left,"Tracking the Next El Niño: What It Means for Our Warming Planet","With a 50 to 60 percent likelihood of developing between July and September, El Niño is poised to make our planet even hotter. NOAA reports that this phenomenon will weaken vital trade winds, resulting in warmed Pacific waters that influence weather patterns worldwide. This forecast serves as a reminder of our climate urgency, as El Niño threatens to bring intense drier weather to northern Brazil and wetter extremes to the southern US. Scientists are now utilizing the upgraded RONI tracker to monitor this global heating trend, warning that we must prepare for potentially unprecedented temperature spikes."
S5-C-1,Center,"Warming El Niño May Return in 2026: Will It Lead to New Heat Records?","On Tuesday, the US National Oceanic and Atmospheric Administration forecasted a 50 to 60 percent chance of an El Niño forming between July and September. This warming weather phenomenon weakens trade winds in the east-central Pacific. Because the old Oceanic Nino Index can become outdated as oceans rapidly warm, NOAA has adopted the RONI tracker for real-time monitoring. With the last El Niño in 2023–2024 contributing to record-high temperatures, experts are investigating the potential impacts of a recurrence. As Semmler noted, a developing El Niño in the second half of 2026 could increase the risk of 2027 becoming a record-warm year."
S5-C-2,Center,"NOAA Forecasts 50-60% Chance of El Niño: Could 2026 Break Temperature Records?","The global climate could see significant shifts as NOAA predicts a 50 to 60 percent chance of El Niño developing later this year. Known for warming the east-central Pacific due to weakened trade winds, this natural phenomenon typically causes a global mean temperature change of 0.1C to 0.2C. NOAA notes that a developing El Niño could bring wetter conditions to parts of Australia and drier weather to South America. Upgrading to the new RONI tracker to account for warming oceans, scientists are currently asking whether this impending El Niño will push global temperatures to break existing records."
S5-C-3,Center,"New NOAA Index Tracks Potential Return of El Niño This Summer","As the cooling effects of La Niña fade, NOAA announced a 50 to 60 percent probability that a warming El Niño could form during the July-September period. To better track this, NOAA adopted the real-time RONI tracker, replacing older indices that struggle against a rapidly warming 30-year ocean baseline. Historical ENSO data shows El Niño generally causes a 0.1C to 0.2C temperature shift. Following the heat fueled by the 2023–2024 event, experts are closely monitoring the timing. Forecasters are currently questioning whether this new cycle will lead to record-breaking global temperatures in 2026 or 2027."
S5-C-4,Center,"Investigating the 2026 El Niño Forecast and the Risk of Extreme Weather","The US National Oceanic and Atmospheric Administration has forecasted a 50 to 60 percent chance of El Niño returning by late summer. This warming phenomenon, driven by weakened trade winds in the east-central Pacific, has profound effects on global weather, potentially bringing wetter conditions to southeast Asia and drier weather to South America. Because global oceans are warming, NOAA has introduced the RONI tracker for more accurate data. With experts warning of increased risks if the pattern emerges, the central question remains: will the potential return of El Niño cause global temperatures to break records in 2027?"
S5-LR-1,Lean Right,"NOAA: 50% to 60% Chance of El Niño Developing Later This Year","According to the US National Oceanic and Atmospheric Administration, there is a 50 to 60 percent chance of the El Niño weather pattern developing during the July-September period and beyond. This natural ocean-atmosphere cycle typically causes a temporary rise in global mean temperatures. Meteorologist Nat Johnson notes that a typical El Niño event usually results in a standard temperature bump of about 0.1°C to 0.2°C. While the previous El Niño in 2023-2024 contributed to warmer global averages, early signs tracked by forecasters suggest this upcoming phase is a standard return to the expected natural variability of the Pacific climate system."
S5-LR-2,Lean Right,"Early Signs Suggest El Niño Climate Phenomenon Could Form in 2026","Climate researchers are currently tracking early signs that the El Niño phase of the ENSO cycle may develop later in 2026. Forecast mechanics from NOAA indicate a 50 to 60 percent probability of formation during the second half of the year. Framed primarily by its natural variability, an El Niño event generally brings a temporary global mean temperature rise of roughly 0.1°C to 0.2°C. While experts like Carlo Buontempo of the Copernicus Climate Change Service suggest it could elevate temperatures in 2026 or 2027, the current forecast remains probabilistic, focusing heavily on established meteorological patterns and oceanic monitoring."
S5-LR-3,Lean Right,"Tracking Natural Climate Variability: The Potential Return of El Niño","The natural climate phenomenon known as El Niño has a 50 to 60 percent chance of returning between July and September, according to recent NOAA forecasts. This recurring cycle in the tropical Pacific is known to influence broader weather patterns and typically causes a modest, temporary rise in global temperatures by about 0.1°C to 0.2°C. While recent years saw higher temperatures partly due to the last El Niño cycle, forecasters emphasize the strictly probabilistic nature of this current outlook. Meteorological officials are closely monitoring these natural mechanics to determine if the phenomenon will fully form later this year."
S5-LR-4,Lean Right,"Forecasters Monitor Pacific for Potential El Niño Formation by September","There is currently a 50 to 60 percent chance of El Niño developing in the tropical Pacific during the July-September period, per the latest data from the US National Oceanic and Atmospheric Administration. Emphasizing forecast mechanics, meteorologists point out that this natural cycle historically results in a temporary 0.1°C to 0.2°C increase in global mean temperatures, as noted by NOAA's Nat Johnson. Should the pattern form, it could modestly elevate global temperatures in 2026 or 2027, but experts stress that these early forecasts remain probabilistic assessments regarding the natural and routine ocean-atmosphere cycle."
S5-R-1,Right,"NOAA Predicts Probable Return of Natural El Niño Cycle This Year","The US National Oceanic and Atmospheric Administration reports a 50% to 60% chance that the natural El Niño phenomenon could develop during the July-September period. Rather than an unprecedented anomaly, El Niño is a recurring, well-documented ocean-atmosphere cycle. According to NOAA meteorologist Nat Johnson, a typical El Niño event causes a temporary rise in global mean temperature by about 0.1°C to 0.2°C. While the last occurrence in 2023-2024 contributed to elevated global averages, this probabilistic forecast highlights the routine mechanics of natural climate variability, tracking standard temperature fluctuations rather than predicting an immediate planetary shift."
S5-R-2,Right,"Temporary Temperature Bump Expected if El Niño Pattern Forms in 2026","Forecasters are monitoring a 50% to 60% chance of El Niño developing later this year, according to the US National Oceanic and Atmospheric Administration. This standard phase of the ENSO cycle is driven by expected natural variability in the Pacific Ocean. Carlo Buontempo of the Copernicus Climate Change Service notes that if El Niño appears, it could impact temperature data in 2026 or 2027. However, officials stress the forecast mechanics: a typical event reliably results in a temporary 0.1°C to 0.2°C rise in global mean temperatures. The current data presents a measured, probabilistic outlook on routine oceanic cycles."
S5-R-3,Right,"Understanding the Forecast: The Mechanics Behind the Potential 2026 El Niño","The US National Oceanic and Atmospheric Administration has issued a probabilistic forecast indicating a 50% to 60% chance of an El Niño forming by late summer. Grounded entirely in natural ocean variability, this phenomenon is expected to cause a minor, temporary global mean temperature increase of roughly 0.1°C to 0.2°C, according to NOAA’s Nat Johnson. While the 2023-2024 El Niño temporarily contributed to elevated baseline temperatures, current models suggest the upcoming cycle will follow similar, predictable mechanics. Forecasters emphasize the statistical probability of the cycle returning, focusing on meteorological data over broader climate narratives."
S5-R-4,Right,"Probabilistic Models Show 50-60% Chance of Temporary El Niño Warming","According to the US National Oceanic and Atmospheric Administration, there is a 50% to 60% chance that El Niño will develop in the July-September window. Highlighting forecast mechanics, experts like Nat Johnson explain that this natural cycle generally triggers a temporary rise in global mean temperatures of just 0.1°C to 0.2°C. Carlo Buontempo added that its appearance could temporarily elevate recorded temperatures in 2026 or 2027, similar to the 2023-2024 cycle. The reporting focuses strictly on the statistical probability of this recurring ocean-atmosphere event, presenting a calm, data-driven look at natural global climate variability."
S6-L-1,Left,"Human-Driven Climate Change is Now Measurably Slowing Earth’s Rotation","The consequences of a warming planet have reached a new, unprecedented scale. As human activity continues to drive global temperatures higher, the rapid melting of polar ice sheets and mountain glaciers is pushing massive volumes of water toward the equator. This shift in planetary mass is actively slowing Earth's rotation, lengthening our days by 1.33 milliseconds per century. This marks the fastest deceleration of the planet's spin in 3.6 million years, highlighting the profound and far-reaching impacts of the climate crisis on fundamental planetary systems."
S6-L-2,Left,"Melting Glaciers Are Altering Time: Earth’s Days Are Getting Longer","We are physically changing how the Earth spins. A landmark study from the University of Vienna and ETH Zurich illustrates that human-induced global warming is melting ice at such a staggering volume that it is redistributing the Earth's weight. This shift is acting as a planetary brake. By the end of this century, the climate's influence on our day length is projected to surpass even the gravitational pull of the Moon. It is a stark reminder that failing to curb emissions threatens the core physical mechanics of our world."
S6-L-3,Left,"The Climate Crisis Reaches Planetary Scale as Earth’s Spin Slows Down","The climate emergency is no longer just altering our weather patterns; it is reshaping time itself. Because of the vast amount of ice melting into our oceans, the Earth is growing slightly wider at the equator, slowing its rotation. While a shift of just over a millisecond per century might seem small, it is an alarming multimillion-year extreme. This shift fundamentally disrupts the precision timekeeping required for modern GPS, space navigation, and global financial networks, proving that the costs of unchecked climate change will disrupt every facet of modern infrastructure."
S6-L-4,Left,"How Rising Oceans Are Altering Earth's Mechanics and Threatening Modern Technology","Human emissions have fundamentally altered the balance of the globe. As polar ice thaws and sea levels rise, the displacement of ocean water is dragging down the Earth's rotational speed. Researchers utilized paleoclimate data to confirm this human-driven phenomenon is occurring at a rate unseen since the Late Pliocene. This gradual lengthening of days serves as a quantifiable warning sign, demonstrating that our continued reliance on fossil fuels is generating deep, structural changes to the planet with long-term consequences for global technology and communication grids."
S6-LL-1,Lean Left,"Climate Change is Adding Milliseconds to Our Days. Here Is How","Human activity is subtly altering the natural rhythms of our planet. As global temperatures rise, the accelerated melting of glaciers and polar ice is shifting vast amounts of water from the poles toward the equator. This redistribution of mass is acting as a gentle brake, slowing the Earth's rotation and increasing the length of a day by 1.33 milliseconds per century. This measurable consequence of a warming climate is unprecedented in the last 3.6 million years, serving as a clear indicator of how rising ocean levels affect the entire globe."
S6-LL-2,Lean Left,"Our Warming Planet is Spinning Slower Than It Has in Millions of Years","We have warmed the planet, and now we are measurably slowing it down. A fascinating and concerning new milestone has been reached as climate change begins to lengthen the days on Earth. The loss of ice at the poles is forcing water to redistribute, making the planet wider at its middle and sluggish in its spin. This shift, unseen for millions of years, highlights the profound scale of human influence. While the daily change is small, the cumulative effect will require careful adjustments to the vital GPS networks that underpin modern society."
S6-LL-3,Lean Left,"The Planetary Brake: How Melting Ice is Stretching the Length of a Day","Earth’s rotation is experiencing a remarkable slowdown, and human-driven climate change is the primary cause. The loss of massive ice sheets is pushing water across the globe, subtly altering the planet's physical balance. This water movement forces the Earth to spin less efficiently, lengthening our days at the fastest rate since the Late Pliocene. It is a striking, quantifiable consequence of how our carbon footprint is reshaping the fundamental dynamics of the Earth, eventually outpacing the natural influence of the Moon on our rotational speed."
S6-LL-4,Lean Left,"The Hidden Consequence of Melting Glaciers: Longer Days on Earth","The consequences of global warming extend beyond rising temperatures and extreme weather. The redistribution of water from melting polar ice is actually dragging down the Earth’s rotation speed. This phenomenon has lengthened the day by over a millisecond per century over the last two decades. While imperceptible to us in our daily lives, this shift is a monumental change in planetary mechanics, standing out as an unprecedented event in the deep history of the Earth that could soon disrupt precision technologies and space navigation."
S6-C-1,Center,"Scientists Say Earth’s Rotation is Slowing Down. Should We Be Concerned?","A new study reveals that climate change is doing something few people will ever notice: it is making Earth’s days slightly longer. As polar ice melts and sea levels rise, water is redistributed toward the equator. This subtly shifts the planet’s mass and slows its rotation, adding about 1.33 milliseconds to a day per century. While researchers from ETH Zurich and the University of Vienna note this rate is unprecedented in 3.6 million years, the general public is unlikely to feel it. However, these tiny shifts could eventually pose logistical challenges for high-precision GPS technologies."
S6-C-2,Center,"Climate Change is Making Our Days Slightly Longer, New Study Finds","Earth’s rotation is not a constant, and rising sea levels are currently contributing to a subtle planetary slowdown. Researchers have found that the melting of mountain glaciers and ice sheets moves water mass away from the poles, altering the planet's rotation. This effect has lengthened the day at a rate of 1.33 milliseconds per century between 2000 and 2020. Though the change is minimal and imperceptible in everyday life, scientists suggest that if the trend continues, the influence of climate change on Earth's spin could rival the gravitational effects of the Moon."
S6-C-3,Center,"How Global Water Redistribution is Changing the Length of a Day","The length of a day on Earth is gradually increasing, and researchers attribute the current changes to climate factors. According to a recent study published in the Journal of Geophysical Research: Solid Earth, the redistribution of water from melting ice caps is causing the planet to turn a little bit slower. By analyzing fossil shells, scientists determined this current rate of slowdown has not been seen for millions of years. While the fraction-of-a-second change will not affect daily routines, it requires adjustments in the complex timekeeping systems used for global telecommunications."
S6-C-4,Center,"Earth’s Days Are Lengthening: A Measurable but Minimal Shift","It is often taken for granted that a day lasts exactly 24 hours, but new research highlights that our days are actually stretching. The redistribution of mass from melting ice into the oceans increases the planet's moment of inertia, subtly extending the day. While an increase of just 1.33 milliseconds per century is incredibly small, it represents a notable shift in geological terms. Researchers utilized paleoclimate data to confirm this change. The findings offer a fascinating glimpse into planetary mechanics, even if the daily impact remains entirely invisible to the public."
S6-LR-1,Lean Right,"University of Vienna Study Links Changing Earth Rotation to Mass Redistribution","A joint study by the University of Vienna and ETH Zurich confirms that climate-related mass shifts are currently a primary driver of the Earth's slowing rotation. Through careful analysis of paleoclimate data and fossilized marine organisms, researchers established a link between contemporary mass redistribution and planetary spin. The melting of polar ice shifts mass toward the equator, increasing the planet's moment of inertia. This precise scientific modeling demonstrates that day length increased by 1.33 milliseconds per century from 2000 to 2020, presenting an intriguing technical challenge for systems reliant on exact timekeeping."
S6-LR-2,Lean Right,"Researchers Measure Imperceptible Shift in Length of Earth’s Days","New research published in the Journal of Geophysical Research: Solid Earth provides credible proof of how shifting mass on Earth affects its rotation. Scientists from Austria and Switzerland utilized a Physics-Informed Diffusion Model to integrate paleoclimate records with strict physical constraints. The data reveals that as sea levels rise, the Earth's rotation slows due to the conservation of angular momentum. This institution-led research clarifies that while the daily length increases by mere milliseconds, understanding this dynamic is essential for the future calibration of GPS and space navigation networks."
S6-LR-3,Lean Right,"Physics Model Links Ocean Water Movement to Planetary Rotation","The mechanics of Earth’s rotation are becoming comparatively clear thanks to new analyses of deep climate history. Experts at the University of Vienna have demonstrated that the recent increase in day length is tied to the redistribution of water mass. As polar ice melts, the water moves outward toward the equator, naturally slowing the spin of the globe. This physical phenomenon is measurable through advanced deep learning approaches. The scientific consensus points to these shifts as the primary variable currently altering the otherwise stable rotation of our planet."
S6-LR-4,Lean Right,"Slight Slowdown in Earth's Spin Poses Future Calibration Challenge","Researchers have successfully reconstructed ancient day-length fluctuations, providing clear evidence regarding the Earth's current rotational speed. Utilizing benthic foraminifera fossils, scientists at ETH Zurich mapped 3.6 million years of climate history to understand modern changes. The findings confirm that the ongoing redistribution of global water mass is slowing the Earth’s spin. Although the 1.33 millisecond per century increase is largely imperceptible, this precise measurement is a triumph of modern geophysical research, allowing engineers to better anticipate necessary minor adjustments to telecommunications and financial network timekeeping."
S6-R-1,Right,"The Physics of Earth's Spin: Why Our Days Are Very Slightly Longer","The mechanics of Earth’s slowing rotation are finally comparatively clear, operating much like a figure skater extending their arms to slow a spin. Researchers have provided credible proof that the redistribution of mass from melting ice caps to the equator increases the planet's moment of inertia. This purely physical response to shifting water weight causes the Earth to rotate more slowly, lengthening the day by a virtually imperceptible 1.33 milliseconds per century. This study firmly establishes the direct link between global mass shifts and planetary rotation based on observable physics."
S6-R-2,Right,"Scientists Confirm Minor Millisecond Changes in Planetary Rotation","An unprecedented study by the University of Vienna has successfully isolated the primary driver behind the recent microscopic changes in Earth’s day length. By utilizing a highly sophisticated Physics-Informed Diffusion Model, researchers proved that rising sea levels naturally conserve angular momentum by slowing the planet’s rotation. The day has lengthened at an incredibly small rate of 1.33 milliseconds per century over the last two decades. While entirely unnoticeable to the public, this precise modeling is crucial for the engineers who manage the complex timekeeping algorithms required for GPS satellites."
S6-R-3,Right,"Deep Climate Data Reveals Mechanics Behind Earth’s Slowing Rotation","A direct link has now been established between contemporary mass redistribution and the slowdown of Earth's rotation on the scale of deep climate history. Published in the Journal of Geophysical Research: Solid Earth, this research cuts through the noise by foregrounding strict physics constraints. As water moves away from the poles, the Earth’s rotation must fundamentally slow down to accommodate the structural shift. This measured, scientific reality confirms that the resulting millisecond-scale shift is an almost imperceptible adjustment of planetary physics."
S6-R-4,Right,"Ocean Water Redistribution Proven to Alter Earth's Moment of Inertia","Extensive paleoclimate data has yielded a definitive explanation for the slight lengthening of Earth’s days. Scientists from ETH Zurich have shown that the phenomenon is driven by the basic physical law of the conservation of angular momentum. As ice melts and ocean water redistributes around the equator, the planet's rotation naturally decelerates. This robust, evidence-based approach confirms that the 1.33-millisecond shift is the fastest seen in millions of years, yet it remains an entirely imperceptible structural adjustment. The focus now turns to seamlessly updating high-precision technological systems to account for these confirmed fractional changes."
S7-L-1,Left,"Accelerated Warming Linked to Historic Western Heat Wave","Over 200 million Americans are currently experiencing extreme weather, highlighting the urgent realities of human-driven climate change. In the Southwest, a historic heat wave is pushing temperatures up to 30 degrees above normal, threatening long-standing records in cities like Phoenix. Recent scientific studies indicate that global warming is accelerating, pushing the climate closer to critical thresholds faster than previously modeled. As these extreme events become more frequent, experts emphasize the need for systemic policy shifts to address the root causes of our warming planet and protect vulnerable communities from worsening climate impacts."
S7-L-2,Left,"Scientists Warn of Faster Warming as Extreme Weather Grips the US","The massive heat dome currently trapped over the Southwest is a stark reminder of the accelerating climate crisis. With millions facing unprecedented triple-digit heat for March, scientists warn that human-driven global warming is speeding up, potentially pushing us past the 1.5°C limit sooner than expected. This warming trend is accompanied by chaotic weather nationwide, including severe blizzards in the Midwest. The mounting consequences of this systemic issue demand comprehensive climate action to mitigate future disasters and stabilize an increasingly volatile global climate."
S7-L-3,Left,"Millions Face Climate-Driven Extremes From Coast to Coast","The United States is enduring a severe bout of extreme weather, a clear consequence of unchecked global warming. While the Upper Midwest battles late-season blizzards, the Southwest is sweltering under a historic heat wave that threatens to shatter April records early. This undeniable link to climate change stresses the urgent need for a transition away from fossil fuels. As accelerating warming trends push our environmental systems toward dangerous tipping points, policymakers are being urged to implement robust climate solutions before these severe disruptions become the new normal."
S7-L-4,Left,"Historic March Heat Highlights Urgent Need for Climate Action","An extraordinary heat wave is enveloping the Western United States, bringing life-threatening temperatures to the region. This extreme phenomenon, heavily aggravated by human-generated climate change, is part of a broader acceleration in global warming documented by recent scientific analyses. With over half the nation in the path of severe weather—including severe storms and flooding elsewhere—the systemic nature of the climate crisis is evident. Prioritizing emission reductions and building climate resilience is essential to protect populations from the mounting consequences of these rapidly accelerating environmental shifts."
S7-LL-1,Lean Left,"Western Heat Wave Smashes Records as Climate Concerns Grow","An intense and unusually early heat wave is sweeping across the Western United States, bringing temperatures more typical of mid-summer. Forecasters expect this weather event to break hundreds of high-temperature records, potentially making it the hottest March day ever recorded nationally. This early heat serves as a critical test of state efforts to combat heat-related illnesses in an era of rising temperatures. With clear links to broader climate change, the unusual severity of these weather patterns highlights the mounting challenges communities face in adapting to a rapidly warming environment."
S7-LL-2,Lean Left,"Weather Whiplash: Extreme Swings Put Millions at Risk","From dangerous blizzards in the Midwest to triple-digit heat waves in California, chaotic weather is putting over 200 million Americans at risk this week. Meteorologists are reaching for superlatives to describe the impending heat, which is heightening concerns about public safety and vulnerable populations. This wild weather whiplash aligns with scientific warnings about how global warming destabilizes traditional weather patterns. As cities near all-time March records, the consequences of a changing climate are becoming increasingly difficult to ignore, demanding better preparation and preventative measures."
S7-LL-3,Lean Left,"Southern California Swelters Under Unprecedented Spring Heat","Southern California’s heat wave is already breaking historic temperature records, and it hasn't yet peaked. The unusual early warmth marks a significant public safety concern as the region grapples with the realities of rising global temperatures. With over 800 high-temperature records forecast to be tied or broken across Western states, the influence of climate change is apparent. This prolonged March heat wave serves as a warning sign that extreme weather events are becoming more frequent, requiring proactive steps to safeguard public health and upgrade local infrastructure."
S7-LL-4,Lean Left,"Mounting Consequences as Extreme Weather Hits the US","The Western United States is bracing for a wave of extreme heat so intense it could shatter historical temperature records for April before the month even begins. This chaotic weather, ranging from severe heat to damaging winds and midwestern snow, has put over half the U.S. population in the path of extreme conditions. Climate scientists note these anomalies are consistent with accelerating warming trends. The unusual severity of this March weather is also raising alarms about earlier snowmelt and a prolonged wildfire season, underscoring the serious impacts of a warming planet."
S7-C-1,Center,"Over 200 Million Americans Face Extreme Weather Coast to Coast","Chaotic weather conditions on March 16 put more than half the U.S. population in the path of extreme conditions, according to AccuWeather. A strengthening heat dome over the Southwest has brought temperatures up to 30 degrees above normal, while blizzards concurrently slam the Upper Midwest. The National Weather Service reports that Anaheim hit 100 degrees, and emergency officials noted that over half a million customers lost power nationwide. Flight cancellations surpassed 3,000 as a mix of snow, thunderstorms, and high winds impacted the eastern U.S., highlighting a sharp regional contrast in early spring weather."
S7-C-2,Center,"Early Spring Brings Blizzards to Midwest, Record Heat to West","A rapid transition from winter to spring is causing weather whiplash across the United States. In the Midwest, Minnesota Governor Tim Walz authorized National Guard support to assist with severe blizzard conditions and school closures. Meanwhile, Southern California is experiencing an unusual early heat wave, with Los Angeles and Ventura counties breaking 13 daily temperature records on Tuesday. Forecasters warn that temperatures in the West will remain five to 15 degrees above normal into next week, which risks accelerating the Sierra Nevada snowmelt and advancing the early fire season."
S7-C-3,Center,"Scientists Study Factors Behind Recent Global Temperature Rises","In recent years, Earth's average temperature has been rising faster than previously modeled, prompting discussion among climate experts. A recent analysis published in Geophysical Research Letters indicates that the rate of global warming has accelerated. However, scientific opinions maintain some divergence on whether human-made climate change or natural atmospheric fluctuations are predominantly to blame for the recent spikes. Concurrently, millions are under weather warnings across the U.S., dealing with immediate impacts ranging from near-record heat waves in the West to severe tornadoes and storms battering the central states."
S7-C-4,Center,"Official Warnings Issued as West Coast Heat Wave Continues","Local officials and health experts are urging residents to take precautions as Southern California swelters under a prolonged heat wave. An extreme heat warning remains in place for most inland areas through Friday, with Palm Springs facing a 50% chance of reaching 110 degrees later this week. While the West deals with triple-digit temperatures and the threat of heat illness, a strengthening storm system threatens to unleash blizzard conditions and dangerous winds across the central and eastern United States. Forecasters note these wild swings are somewhat typical for the volatile March transition period."
S7-LR-1,Lean Right,"Scorching California Heat Wave Brings Surge in Rattlesnake Encounters","California’s massive, unseasonably warm heat wave is driving up the temperature and bringing out dangerous local wildlife. As scorching weather smashes regional expectations, local snake wranglers report that calls for rattlesnake removals are up significantly over the prior year. Shocking video footage has emerged of residents dealing with these encounters in their own backyards. The sudden spike in temperatures, pushing up to 35 degrees above normal in some areas, has accelerated wildlife activity, turning a routine spring into a gripping struggle with nature's pests for many suburban homeowners."
S7-LR-2,Lean Right,"Sweltering Californians Face Unseasonable Heat and Local Disruptions","A prolonged and unusually early March heat wave is currently gripping cities across the West, leading to a host of local disruptions. Alongside the scorching temperatures that are pushing San Francisco close to 90 degrees, Californians are facing a sudden surge in rattlesnake sightings. Snake wrangler Bruce Ireland noted that encounters are happening much earlier and more frequently than usual due to the warm weather drawing the reptiles out. As residents try to stay cool, they are remaining vigilant against these unexpected creature encounters sprouting up across sun-baked neighborhoods."
S7-LR-3,Lean Right,"Gripping Western Heat Triggers Illness Warnings and Safety Concerns","Southern California is experiencing unseasonably high temperatures, leading to localized impacts across the region. The National Weather Service has issued warnings for high heat illness risk as the scorching weather drives temperatures up to 35 degrees above normal. Instead of typical spring conditions, residents are dealing with a gripping heat wave that has forced people indoors and driven an increase in local wildlife encounters, including snakes seeking shade. The unusual warmth has upended daily life across the coast, providing plenty of sudden challenges for those living through the unexpected swelter."
S7-LR-4,Lean Right,"Unusual Early Heat Grips Western Cities, Prompting NWS Alerts","An unusual March heat wave is gripping the Western United States, bringing scorching temperatures to cities unaccustomed to such early warmth. With some locations breaking historical temperature records, the immediate impacts are being felt sharply by residents. Beyond the risk of heat exhaustion prompting National Weather Service alerts, the unseasonable weather has triggered a noticeable surge in rattlesnake sightings across California. Local animal control and wranglers are working overtime to handle the calls. This early bout of gripping heat has provided a jarring start to the spring season for the affected states."
S7-R-1,Right,"Prolonged March Heat Wave Grips Cities Across the West","A rare and unusual March heat wave is currently gripping cities across the Western United States, bringing unseasonably warm weather to the region. San Francisco is seeing temperatures push close to 90 degrees, while Southern California is experiencing highs up to 35 degrees above normal for this time of year. The National Weather Service has issued local warnings regarding the risk of high heat illness as residents navigate the sudden spike in temperatures. This early, prolonged warmth has broken several local records, making for an unusually hot transition into the spring season."
S7-R-2,Right,"Unseasonably Warm Weather Leads to Increased Rattlesnake Sightings","The current heat wave in California has caused a notable increase in rattlesnake sightings due to the unseasonably warm weather gripping the state. Snake wrangler Bruce Ireland has reported earlier and more frequent encounters with the reptiles, noting that the warm ground is drawing them out ahead of schedule. As Southern California deals with this unusual early heat, residents are being advised to keep an eye out for snakes while managing the high temperatures. The unexpected warmth has noticeably changed the landscape of local wildlife activity this March."
S7-R-3,Right,"Western US Cities Face Unusual Early Spring Heat Wave","San Francisco and several other Western US cities are facing an unusual early heat wave this March, with some places seeing temperatures high enough to break local records. The prolonged warmth is gripping the region, bringing an unseasonable swelter to areas accustomed to milder spring weather. Local health experts have reminded residents to stay hydrated and be aware of high heat illness risks during this sudden spike. The warm weather has provided an unexpected jumpstart to summer-like conditions, temporarily altering the daily routines of residents across the affected Western states."
S7-R-4,Right,"High Heat Warnings Issued as California Sees Unseasonable Warmth","An unseasonably warm stretch of weather has settled over California, bringing record high temperatures to several local communities. The National Weather Service has issued warnings for high heat illness as the prolonged heat wave continues to grip the state. Temperatures have climbed significantly above normal, prompting locals to seek out air conditioning and shade much earlier in the year than usual. Alongside the heat, the warm weather has spurred a noticeable increase in rattlesnake activity, adding a layer of caution for those venturing outdoors during this hot early spring period."
S8-L-1,Left,"Record-Breaking Heat Wave in Southern California Highlights Growing Climate Concerns","Southern California is experiencing a third consecutive day of extreme, record-breaking heat, with temperatures soaring up to 35 degrees above seasonal averages. Woodland Hills and Palm Springs reached 101 and 103 degrees, respectively. Officials have issued extreme heat warnings for inland areas, urging residents to utilize cooling centers. Public health experts warn that heat-related illnesses cause more annual deaths in the U.S. than floods and storms combined. Additionally, the abnormal heat has led to elevated bacteria warnings at several coastal beaches, underscoring the broader environmental and public health impacts of our warming climate."
S8-L-2,Left,"Palm Springs Approaches 110 Degrees as Unseasonable Heat Strains the Southwest","Forecasters predict a 50% chance that Palm Springs could reach a dangerous 110 degrees this week, potentially breaking earliest-on-record milestones by weeks. This extreme March heat wave has prompted widespread inland warnings and coastal advisories. Local officials are emphasizing the severe public health risks, noting that extreme heat remains the deadliest weather-related phenomenon in the country. With rising ocean temperatures also increasing bacteria levels at local beaches, the current heat wave serves as a stark reminder of the urgent need to address the compounding effects of global climate disruption."
S8-L-3,Left,"Extreme Heat Warning Issued as Southern California Faces Historic March Temperatures","Southern California is currently under an extreme heat warning as inland temperatures sit up to 35 degrees above normal. This record-setting March heat wave has already pushed Palm Springs to 103 degrees, creating significant public health challenges. Authorities are strongly advising residents to seek out cooling centers to avoid heat exhaustion. Beyond the immediate health risks, which statistically outpace deaths from storms and lightning, the heat is straining local ecosystems, evidenced by new bacteria warnings at several beaches. These compounded environmental impacts highlight a troubling, long-term shift in seasonal climate patterns."
S8-L-4,Left,"Early Heat Wave Brings Triple-Digit Temperatures and Health Warnings to California","A historic March heat wave is testing Southern California's resilience, delivering a third straight day of triple-digit temperatures. Woodland Hills hit 101 degrees, while inland areas remain under extreme heat warnings. Health officials are particularly concerned about heat-related illnesses, warning that extreme temperatures are a leading cause of weather-related fatalities nationwide. Residents are encouraged to use public cooling centers, while beachgoers face separate warnings regarding elevated bacteria levels. The severity and early arrival of this heat wave point to the escalating, systemic realities of a changing global climate."
S8-LL-1,Lean Left,"California Desert Community Ties All-Time March Heat Record Amid Late Winter Warmth","An abnormal late-winter heat wave continues to set records across the U.S. Southwest. On Wednesday, a tiny desert community in Southern California reached 108 degrees, tying the highest March temperature ever recorded nationally. With extreme heat warnings active inland, public health officials are urging residents to take precautions against heat-related illnesses. The sheer volume of broken records this week, with temperatures pushing 35 degrees above normal in some areas, reflects a concerning shift in seasonal weather norms and highlights the growing environmental challenges facing the region."
S8-LL-2,Lean Left,"Unseasonable Southwest Heat Wave Breaks Decades-Old Temperature Records","The southwestern United States is experiencing an unusually intense March heat wave, with several communities seeing their earliest triple-digit days on record. Martinez Lake, Arizona, reached a staggering 110 degrees, breaking the national record for the month. Forecasters note that these temperatures are 20 to 30 degrees above average. While coastal areas face advisories and elevated bacteria warnings, inland residents are being directed to cooling centers. This widespread, abnormal heat underscores the increasing frequency of extreme weather events and their growing impact on public safety."
S8-LL-3,Lean Left,"Rising Temperatures Prompt Health Alerts Across Southern California","Southern California is enduring an unseasonably warm end to winter, with temperatures breaking historic March records. Palm Springs reached 103 degrees, and forecasters warn it could climb even higher. Extreme heat warnings are in effect for most inland areas, prompting officials to remind the public about the hidden dangers of heat exhaustion, which claims more lives annually than many other natural disasters. As the region navigates these abnormal, record-setting conditions, the prolonged heat wave serves as an early warning for a potentially harsh summer ahead."
S8-LL-4,Lean Left,"Record Southwest Heat Continues, Raising Public Health Concerns","A widespread heat wave is pushing temperatures to dangerous new highs across the Southwest. A Southern California desert community recently tied the all-time U.S. March temperature record of 108 degrees. With temperatures running well above normal, authorities are focusing on public health, urging the use of cooling centers and warning of the heightened risks of heat-related illnesses. The scale of this unseasonable weather, coupled with secondary impacts like coastal bacteria advisories, points to an increasingly volatile climate that is consistently pushing the boundaries of historical weather patterns."
S8-C-1,Center,"Dangerous Heat Wave Hits the West; 41 Million Americans Under Alerts","A significant winter heat wave is currently affecting the western United States, placing more than 41 million Americans under active heat alerts. On Wednesday, North Shore, California, reached 108 degrees, tying the U.S. March temperature record first set by Rio Grande City, Texas, in 1954. Temperatures are expected to remain 20 to 30 degrees above normal for the rest of the week. With Palm Springs tying its own 1966 record at 104 degrees, local officials are advising residents to take necessary precautions against the widespread heat."
S8-C-2,Center,"Record Southwest Heat Continues: Arizona Community Hits 110 Degrees","Record-breaking heat continues to sweep across the southwestern U.S., driving temperatures well into the triple digits. The Arizona desert community of Martinez Lake hit 110 degrees, breaking the record for the highest March temperature ever recorded in the United States. Meanwhile, Downtown Los Angeles recorded 94 degrees, surpassing its previous March high of 87 degrees set in 1997. Forecasters note that Thermal, California, is also forecast to hit 110 degrees by Friday. This heat wave will stretch into the weekend, affecting roughly 50 million people."
S8-C-3,Center,"California Town Ties All-Time March Temperature Record in the US","A desert community in Southern California reached 108 degrees this Wednesday, tying the highest March temperature ever recorded in the U.S. This milestone occurred amid a dangerous heat wave that has driven extreme readings across the entire Southwest. Meteorologist Bryan Lewis stated that temperatures will continue to hover 20 to 30 degrees above normal for the remainder of the week. Authorities are encouraging elderly family members, children, and pet owners to remain indoors and stay hydrated during this early-spring weather event."
S8-C-4,Center,"Phoenix Sees 102 Degrees as March Heat Breaks Records Across the Southwest","Several cities across the Southwest experienced their hottest March day in nearly 40 years this Wednesday. Phoenix recorded a high of 102 degrees, marking its earliest triple-digit temperature on record and breaking a previous milestone set on March 26, 1988. This scale of heat is currently affecting over 40 million people across multiple states. Heat alerts will extend through Sunday, March 22, 2026, as forecasters expect many other southwestern cities to experience their earliest 100-plus degree days on record."
S8-LR-1,Lean Right,"Unusual March Warmth Brings Early Taste of Summer to the West","The western United States is experiencing an unusually warm weather pattern this week, providing an early taste of summer. An intense high-pressure system has brought temperatures 20 to 30 degrees above normal, creating a sharp contrast with the persistent rainfall and cooler conditions seen in other parts of the country. North Shore, California, reached 108 degrees, tying a historical March record from 1954. While the heat is notable for this time of year, meteorologists expect the localized high-pressure area to eventually stabilize, returning the region to typical spring weather."
S8-LR-2,Lean Right,"Western U.S. Sees Spike in Temperatures as Historical Records are Matched","An early spring warm-up has temporarily pushed temperatures into the triple digits across parts of the Southwest. Desert communities like Martinez Lake recorded localized spikes up to 110 degrees. This regional weather event is driven by a strong high-pressure system, contrasting with the much colder, wintry conditions still affecting other national sectors. The National Weather Service notes that while cities like Palm Springs are seeing near-record heat, such temporary anomalies do occur before seasonal weather patterns fully transition into spring."
S8-LR-3,Lean Right,"Phoenix Hits 101 Degrees During Unusual Spring Weather Pattern","Southern California and Arizona are navigating an unusual weather pattern that has brought summery heat to the region earlier than expected. Wednesday saw Phoenix reach 101 degrees, a mark it hasn't hit this early since 1988. Meanwhile, a California desert community tied a U.S. temperature record of 108 degrees, originally set in Texas back in 1954. This regional anomaly is primarily driven by a localized high-pressure system. The brief spike is expected to subside, offering residents a temporary, albeit warm, deviation from average March conditions."
S8-LR-4,Lean Right,"High-Pressure System Drives Unseasonable Heat in the Southwest","The Southwest is experiencing an unseasonably warm week as localized weather patterns drive up temperatures. Phoenix hit 101 degrees on Wednesday, breaking a 1988 record, while several other cities experienced near-record March heat. According to the National Weather Service, this specific high-pressure event is creating a stark contrast across the U.S. map, bringing early heat to the West while rain persists elsewhere. Meteorologists are tracking the system, noting that such regional temperature spikes occasionally push thermal values up before the season fully settles."
S8-R-1,Right,"Southern California Desert Community Ties 1954 March Temperature Record","A desert community in Southern California reached 108 degrees on Wednesday, tying the highest March temperature previously recorded in the U.S. back in 1954. This unseasonably warm weather is being driven by a strong, localized high-pressure system over the region. Meteorologist Bryan Lewis of the National Weather Service described the system as a significant meteorological event due to the specific historical records matched. With temperatures hovering 20 to 30 degrees above normal for the week, residents in affected counties are simply adjusting to a brief, early onset of summer-like conditions."
S8-R-2,Right,"Phoenix Hits 101 Degrees, Breaking 40-Year-Old March Weather Record","Localized weather patterns are bringing an early warm-up to the Southwest this week. Phoenix reached 101 degrees on Wednesday, marking its earliest triple-digit temperature in March by breaking a nearly 40-year-old record set in 1988. The event is primarily concentrated in specific desert communities, such as Martinez Lake, which saw 110 degrees. Forecast centers are actively tracking this high-pressure system, which is keeping the region unusually warm. The current weather pattern is expected to shift eventually, allowing typical spring temperatures to return to the area."
S8-R-3,Right,"Early Spring Warmth Hits the Southwest as Old Temperature Records are Matched","Residents in the Southwest are experiencing 100-plus degree heat this week as an unusual high-pressure system settles over the region. The town of Thermal, California, is forecast to hit 110 degrees, while North Shore tied a U.S. March temperature record first set by Rio Grande City, Texas, over seven decades ago in 1954. Meteorologists confirm this is a straightforward regional weather event. The early warmth is providing a significant historical marker for weather tracking without indicating a permanent shift in the seasonal climate."
S8-R-4,Right,"National Weather Service Tracks High-Pressure March Heatwave in the West","A strong high-pressure system is moving through localized zones in the western United States, bringing summery conditions to the desert. Meteorologist Bryan Lewis noted that several cities experienced near-record March heat, with Phoenix hitting 101 degrees—a figure last seen in March of 1988. Additionally, a Southern California community tied a 1954 record of 108 degrees. This regional weather event has temperatures sitting 20 to 30 degrees above normal throughout the week, giving local residents an unusually early, though temporary, taste of summer weather."